{"stats":{"minecraft:custom":{"minecraft:jump":28,"minecraft:time_since_rest":3984,"minecraft:leave_game":1,"minecraft:damage_dealt":25,"minecraft:crouch_one_cm":18,"minecraft:sprint_one_cm":621,"minecraft:deaths":2,"minecraft:play_time":4506,"minecraft:damage_taken":610,"minecraft:time_since_death":3878,"minecraft:walk_one_cm":4944,"minecraft:sneak_time":26,"minecraft:total_world_time":4506,"minecraft:drop":1,"minecraft:fall_one_cm":1565,"minecraft:fly_one_cm":29161},"minecraft:dropped":{"man:cassette_1safetyinstructions":1},"minecraft:picked_up":{"man:cassette_1safetyinstructions":1},"minecraft:killed_by":{"minecraft:husk":1,"minecraft:hoglin":1}},"DataVersion":3465}