{"stats":{"minecraft:mined":{"biomesoplenty:jacaranda_log":9,"biomesoplenty:lavender":1},"minecraft:custom":{"minecraft:time_since_rest":23752,"minecraft:crouch_one_cm":817,"minecraft:play_time":40594,"minecraft:sprint_one_cm":44905,"minecraft:damage_taken":20,"minecraft:walk_one_cm":165415,"minecraft:sneak_time":318,"minecraft:walk_under_water_one_cm":534,"minecraft:drop":1,"minecraft:jump":230,"minecraft:damage_dealt":20,"minecraft:walk_on_water_one_cm":3790,"minecraft:time_since_death":40594,"minecraft:sleep_in_bed":1,"minecraft:total_world_time":40594,"minecraft:fall_one_cm":2610,"minecraft:fly_one_cm":63810},"minecraft:used":{"minecraft:oxidized_cut_copper":19,"minecraft:pink_bed":1,"minecraft:water_bucket":7,"minecraft:purpur_stairs":8,"minecraft:glowstone":9,"minecraft:dirt":1,"minecraft:sandstone_stairs":8,"minecraft:yellow_stained_glass":37,"minecraft:lime_stained_glass":21,"minecraft:grass_block":433,"minecraft:weathered_cut_copper_slab":12,"minecraft:green_concrete_powder":16,"minecraft:jungle_stairs":4,"minecraft:oxidized_cut_copper_slab":11,"minecraft:polished_granite":16,"minecraft:sandstone":41,"minecraft:purpur_slab":22,"minecraft:granite":81,"biomesoplenty:lavender":2,"minecraft:mud_brick_stairs":4,"minecraft:smooth_stone":106},"minecraft:picked_up":{"biomesoplenty:lavender":304,"minecraft:stick":4,"biomesoplenty:tall_lavender":11,"biomesoplenty:jacaranda_log":4,"minecraft:wheat_seeds":45,"minecraft:waxed_weathered_cut_copper_slab":1,"biomesoplenty:jacaranda_sapling":1},"minecraft:dropped":{"biomesoplenty:jacaranda_sapling":1}},"DataVersion":3465}