{"stats":{"minecraft:picked_up":{"minecraft:stick":8,"minecraft:crafting_table":2,"biomesoplenty:dead_boat":1,"minecraft:salmon":1,"biomesoplenty:dead_log":50,"minecraft:ink_sac":6,"biomesoplenty:dead_sapling":1,"alexsmobs:cooked_lobster_tail":1,"minecraft:coal":6,"alexsmobs:lobster_tail":7,"minecraft:cobblestone":11,"minecraft:furnace":1},"minecraft:crafted":{"biomesoplenty:dead_planks":20,"alexsmobs:cooked_lobster_tail":6,"minecraft:crafting_table":1,"minecraft:stick":4,"minecraft:wooden_pickaxe":1,"minecraft:wooden_axe":1,"minecraft:stone_pickaxe":1,"minecraft:furnace":1,"minecraft:cooked_salmon":1,"biomesoplenty:dead_boat":1,"minecraft:air":0},"minecraft:dropped":{"biomesoplenty:dead_sapling":1,"minecraft:stick":4},"minecraft:killed_by":{"cataclysm:deepling":1,"minecraft:husk":1,"minecraft:hoglin":1,"minecraft:skeleton":1},"minecraft:mined":{"minecraft:furnace":1,"minecraft:crafting_table":2,"biomesoplenty:dead_log":50,"minecraft:coal_ore":4,"minecraft:stone":11},"minecraft:killed":{"alexsmobs:lobster":8,"minecraft:salmon":1,"minecraft:squid":2},"minecraft:used":{"minecraft:wooden_axe":16,"minecraft:stone_pickaxe":1,"alexsmobs:cooked_lobster_tail":4,"minecraft:wooden_pickaxe":15,"minecraft:cooked_salmon":1,"minecraft:crafting_table":2,"minecraft:furnace":1,"biomesoplenty:dead_boat":2},"minecraft:custom":{"minecraft:time_since_rest":528,"minecraft:interact_with_furnace":8,"minecraft:sprint_one_cm":11552,"minecraft:damage_taken":1616,"minecraft:walk_one_cm":15729,"minecraft:mob_kills":11,"minecraft:drop":2,"minecraft:damage_dealt":630,"minecraft:interact_with_crafting_table":4,"minecraft:swim_one_cm":27684,"minecraft:fly_one_cm":8399,"minecraft:crouch_one_cm":124,"minecraft:play_time":15630,"minecraft:deaths":4,"minecraft:sneak_time":561,"minecraft:walk_under_water_one_cm":13423,"minecraft:boat_one_cm":77040,"minecraft:jump":84,"minecraft:leave_game":1,"minecraft:time_since_death":500,"minecraft:walk_on_water_one_cm":7567,"minecraft:total_world_time":15630,"minecraft:fall_one_cm":3570}},"DataVersion":3465}