{"stats":{"minecraft:mined":{"biomesoplenty:jacaranda_log":4,"biomesoplenty:lavender":1},"minecraft:custom":{"minecraft:jump":78,"minecraft:time_since_rest":4594,"minecraft:damage_dealt":20,"minecraft:sprint_one_cm":10595,"minecraft:play_time":4594,"minecraft:damage_taken":20,"minecraft:time_since_death":4594,"minecraft:walk_one_cm":5047,"minecraft:total_world_time":4594,"minecraft:drop":1,"minecraft:fall_one_cm":2610,"minecraft:fly_one_cm":14072},"minecraft:used":{"biomesoplenty:lavender":1},"minecraft:picked_up":{"biomesoplenty:lavender":1,"biomesoplenty:jacaranda_sapling":1,"minecraft:stick":4,"biomesoplenty:jacaranda_log":4},"minecraft:dropped":{"biomesoplenty:jacaranda_sapling":1}},"DataVersion":3465}