{"stats":{"minecraft:mined":{"biomesoplenty:jacaranda_log":9,"biomesoplenty:lavender":1},"minecraft:custom":{"minecraft:time_since_rest":11752,"minecraft:crouch_one_cm":435,"minecraft:play_time":28594,"minecraft:sprint_one_cm":37722,"minecraft:damage_taken":20,"minecraft:walk_one_cm":123048,"minecraft:sneak_time":126,"minecraft:walk_under_water_one_cm":534,"minecraft:drop":1,"minecraft:jump":201,"minecraft:damage_dealt":20,"minecraft:walk_on_water_one_cm":3790,"minecraft:time_since_death":28594,"minecraft:sleep_in_bed":1,"minecraft:total_world_time":28594,"minecraft:fall_one_cm":2610,"minecraft:fly_one_cm":54851},"minecraft:used":{"minecraft:pink_bed":1,"minecraft:water_bucket":7,"minecraft:dirt":1,"minecraft:grass_block":433,"biomesoplenty:lavender":2,"minecraft:smooth_stone":105},"minecraft:picked_up":{"biomesoplenty:lavender":304,"minecraft:stick":4,"biomesoplenty:tall_lavender":11,"biomesoplenty:jacaranda_log":4,"minecraft:wheat_seeds":45,"biomesoplenty:jacaranda_sapling":1},"minecraft:dropped":{"biomesoplenty:jacaranda_sapling":1}},"DataVersion":3465}