{"stats":{"minecraft:used":{"minecraft:purpur_block":70,"minecraft:water_bucket":7,"minecraft:sandstone_stairs":8,"minecraft:birch_slab":7,"minecraft:yellow_stained_glass":37,"minecraft:grass_block":433,"minecraft:jungle_stairs":6,"minecraft:sandstone":43,"minecraft:polished_granite":16,"minecraft:purpur_slab":22,"biomesoplenty:lavender":2,"minecraft:stripped_jungle_wood":4,"minecraft:sandstone_wall":4,"minecraft:orange_stained_glass":10,"minecraft:oxidized_cut_copper":19,"minecraft:pink_bed":1,"minecraft:glowstone":11,"minecraft:dirt":1,"minecraft:purpur_stairs":8,"minecraft:mud_brick_wall":5,"minecraft:lime_stained_glass":29,"minecraft:white_stained_glass":151,"minecraft:weathered_cut_copper_slab":12,"minecraft:green_concrete_powder":16,"minecraft:sandstone_slab":25,"minecraft:oxidized_cut_copper_slab":11,"minecraft:jungle_trapdoor":12,"minecraft:granite":81,"minecraft:orange_stained_glass_pane":4,"minecraft:mud_brick_stairs":4,"minecraft:smooth_stone":161},"minecraft:mined":{"biomesoplenty:jacaranda_log":9,"biomesoplenty:lavender":1},"minecraft:dropped":{"biomesoplenty:jacaranda_sapling":1},"minecraft:picked_up":{"biomesoplenty:lavender":304,"minecraft:stick":4,"biomesoplenty:jacaranda_sapling":1,"biomesoplenty:tall_lavender":11,"biomesoplenty:jacaranda_log":4,"minecraft:wheat_seeds":45,"minecraft:waxed_weathered_cut_copper_slab":1},"minecraft:custom":{"minecraft:time_since_rest":47375,"minecraft:sprint_one_cm":45706,"minecraft:damage_taken":20,"minecraft:walk_one_cm":172633,"minecraft:drop":1,"minecraft:damage_dealt":20,"minecraft:fly_one_cm":213277,"minecraft:play_time":64217,"minecraft:crouch_one_cm":1710,"minecraft:sneak_time":1141,"minecraft:walk_under_water_one_cm":534,"minecraft:jump":302,"minecraft:walk_on_water_one_cm":3790,"minecraft:time_since_death":64217,"minecraft:sleep_in_bed":1,"minecraft:total_world_time":64217,"minecraft:fall_one_cm":2610}},"DataVersion":3465}