{"stats":{"minecraft:mined":{"biomesoplenty:jacaranda_log":9,"biomesoplenty:lavender":1},"minecraft:custom":{"minecraft:time_since_rest":16594,"minecraft:crouch_one_cm":218,"minecraft:play_time":16594,"minecraft:sprint_one_cm":26371,"minecraft:damage_taken":20,"minecraft:walk_one_cm":65739,"minecraft:sneak_time":72,"minecraft:walk_under_water_one_cm":233,"minecraft:drop":1,"minecraft:jump":155,"minecraft:damage_dealt":20,"minecraft:walk_on_water_one_cm":840,"minecraft:time_since_death":16594,"minecraft:total_world_time":16594,"minecraft:fall_one_cm":2610,"minecraft:fly_one_cm":44207},"minecraft:used":{"minecraft:water_bucket":1,"minecraft:dirt":1,"minecraft:grass_block":3,"biomesoplenty:lavender":1},"minecraft:picked_up":{"biomesoplenty:lavender":179,"minecraft:stick":4,"biomesoplenty:tall_lavender":7,"biomesoplenty:jacaranda_log":4,"minecraft:wheat_seeds":25,"biomesoplenty:jacaranda_sapling":1},"minecraft:dropped":{"biomesoplenty:jacaranda_sapling":1}},"DataVersion":3465}