{"stats":{"minecraft:used":{"minecraft:purpur_block":71,"minecraft:water_bucket":7,"minecraft:sea_lantern":1,"minecraft:sandstone_stairs":8,"minecraft:birch_slab":7,"minecraft:yellow_stained_glass":37,"minecraft:lantern":2,"minecraft:grass_block":433,"minecraft:jungle_stairs":6,"minecraft:sandstone":43,"minecraft:polished_granite":16,"minecraft:purpur_slab":22,"biomesoplenty:lavender":2,"minecraft:stripped_jungle_wood":4,"minecraft:prismarine_wall":2,"minecraft:pink_wool":29,"minecraft:sandstone_wall":11,"minecraft:orange_stained_glass":10,"minecraft:oxidized_cut_copper":19,"minecraft:pink_bed":1,"minecraft:red_nether_brick_wall":1,"minecraft:glowstone":12,"minecraft:dirt":1,"minecraft:purpur_stairs":8,"minecraft:lime_stained_glass_pane":4,"minecraft:mud_brick_wall":5,"minecraft:lime_stained_glass":50,"minecraft:white_stained_glass_pane":4,"minecraft:white_stained_glass":208,"minecraft:weathered_cut_copper_slab":12,"minecraft:green_concrete_powder":16,"minecraft:sandstone_slab":25,"minecraft:oxidized_cut_copper_slab":11,"minecraft:granite_wall":1,"minecraft:jungle_trapdoor":16,"minecraft:granite":81,"minecraft:orange_stained_glass_pane":4,"minecraft:mud_brick_stairs":4,"minecraft:smooth_stone":197},"minecraft:mined":{"biomesoplenty:jacaranda_log":9,"biomesoplenty:lavender":1,"minecraft:oak_log":5},"minecraft:dropped":{"biomesoplenty:jacaranda_sapling":1},"minecraft:picked_up":{"biomesoplenty:lavender":304,"minecraft:stick":4,"biomesoplenty:jacaranda_sapling":1,"minecraft:oak_log":5,"minecraft:lantern":1,"biomesoplenty:flowering_oak_sapling":1,"biomesoplenty:tall_lavender":11,"minecraft:apple":2,"biomesoplenty:jacaranda_log":4,"minecraft:wheat_seeds":45,"minecraft:waxed_weathered_cut_copper_slab":1,"minecraft:oak_sapling":3},"minecraft:custom":{"minecraft:time_since_rest":58942,"minecraft:sprint_one_cm":48265,"minecraft:damage_taken":20,"minecraft:walk_one_cm":175698,"minecraft:drop":1,"minecraft:damage_dealt":20,"minecraft:fly_one_cm":290690,"minecraft:play_time":75784,"minecraft:crouch_one_cm":1710,"minecraft:sneak_time":1549,"minecraft:walk_under_water_one_cm":534,"minecraft:jump":339,"minecraft:walk_on_water_one_cm":3790,"minecraft:time_since_death":75784,"minecraft:sleep_in_bed":1,"minecraft:total_world_time":75784,"minecraft:fall_one_cm":2610}},"DataVersion":3465}