{"stats":{"minecraft:used":{"cataclysm:infernal_forge":7,"minecraft:dirt":6,"minecraft:grass_block":1,"minecraft:white_stained_glass":1},"minecraft:mined":{"minecraft:grass":1,"minecraft:grass_block":3,"biomesoplenty:jacaranda_log":6,"minecraft:dirt":4},"minecraft:dropped":{"minecraft:dirt":1,"alexsmobs:animal_dictionary":1,"biomesoplenty:lavender":2},"minecraft:picked_up":{"biomesoplenty:lavender":11,"minecraft:stick":3,"biomesoplenty:jacaranda_log":5,"biomesoplenty:jacaranda_sapling":5,"minecraft:gunpowder":1,"minecraft:dirt":7},"minecraft:killed":{"minecraft:creeper":1},"minecraft:custom":{"minecraft:time_since_rest":43090,"minecraft:crouch_one_cm":850,"minecraft:sprint_one_cm":10842,"minecraft:play_time":43090,"minecraft:walk_one_cm":9476,"minecraft:sneak_time":1099,"minecraft:walk_under_water_one_cm":1586,"minecraft:mob_kills":1,"minecraft:drop":4,"minecraft:jump":165,"minecraft:damage_dealt":140,"minecraft:leave_game":1,"minecraft:time_since_death":43090,"minecraft:walk_on_water_one_cm":2,"minecraft:total_world_time":43090,"minecraft:talked_to_villager":1,"minecraft:fall_one_cm":4168,"minecraft:fly_one_cm":247322}},"DataVersion":3465}