{"stats":{"minecraft:mined":{"minecraft:grass":1,"minecraft:grass_block":3,"biomesoplenty:jacaranda_log":6,"minecraft:dirt":4},"minecraft:custom":{"minecraft:time_since_rest":36361,"minecraft:play_time":36361,"minecraft:crouch_one_cm":327,"minecraft:sprint_one_cm":8255,"minecraft:walk_one_cm":4823,"minecraft:sneak_time":400,"minecraft:walk_under_water_one_cm":1586,"minecraft:drop":4,"minecraft:jump":136,"minecraft:leave_game":1,"minecraft:walk_on_water_one_cm":2,"minecraft:time_since_death":36361,"minecraft:total_world_time":36361,"minecraft:fall_one_cm":3158,"minecraft:fly_one_cm":153076},"minecraft:used":{"minecraft:dirt":6},"minecraft:picked_up":{"biomesoplenty:lavender":11,"minecraft:stick":3,"biomesoplenty:jacaranda_log":5,"biomesoplenty:jacaranda_sapling":5,"minecraft:dirt":7},"minecraft:dropped":{"minecraft:dirt":1,"alexsmobs:animal_dictionary":1,"biomesoplenty:lavender":2}},"DataVersion":3465}