{"stats":{"minecraft:picked_up":{"minecraft:bone":2,"minecraft:arrow":2},"minecraft:dropped":{"alexsmobs:animal_dictionary":1,"minecraft:arrow":2,"minecraft:bone":2},"minecraft:mined":{"minecraft:dead_bush":1},"minecraft:custom":{"minecraft:jump":51,"minecraft:time_since_rest":1502,"minecraft:leave_game":1,"minecraft:crouch_one_cm":50,"minecraft:damage_taken":180,"minecraft:sprint_one_cm":3531,"minecraft:play_time":1502,"minecraft:time_since_death":1502,"minecraft:walk_one_cm":370,"minecraft:sneak_time":5,"minecraft:total_world_time":1502,"minecraft:drop":3,"minecraft:fall_one_cm":5836,"minecraft:fly_one_cm":15882}},"DataVersion":3465}