{"stats":{"minecraft:mined":{"minecraft:grass":1,"minecraft:grass_block":2,"minecraft:dirt":3},"minecraft:custom":{"minecraft:jump":36,"minecraft:time_since_rest":17672,"minecraft:sprint_one_cm":1947,"minecraft:play_time":17672,"minecraft:time_since_death":17672,"minecraft:walk_one_cm":837,"minecraft:total_world_time":17672,"minecraft:drop":3,"minecraft:fall_one_cm":1312,"minecraft:fly_one_cm":9051},"minecraft:used":{"minecraft:dirt":2},"minecraft:picked_up":{"biomesoplenty:lavender":1,"minecraft:dirt":5},"minecraft:dropped":{"alexsmobs:animal_dictionary":1,"minecraft:dirt":1,"biomesoplenty:lavender":1}},"DataVersion":3465}