{"stats":{"minecraft:mined":{"minecraft:grass":1,"minecraft:grass_block":3,"minecraft:dirt":4},"minecraft:custom":{"minecraft:jump":70,"minecraft:time_since_rest":29672,"minecraft:sprint_one_cm":4808,"minecraft:play_time":29672,"minecraft:time_since_death":29672,"minecraft:walk_one_cm":2313,"minecraft:total_world_time":29672,"minecraft:drop":3,"minecraft:fall_one_cm":2682,"minecraft:fly_one_cm":17251},"minecraft:used":{"minecraft:dirt":6},"minecraft:picked_up":{"biomesoplenty:lavender":1,"minecraft:dirt":7},"minecraft:dropped":{"alexsmobs:animal_dictionary":1,"minecraft:dirt":1,"biomesoplenty:lavender":1}},"DataVersion":3465}