{"stats":{"minecraft:used":{"minecraft:purpur_block":84,"minecraft:orange_stained_glass":10,"minecraft:water_bucket":12,"minecraft:oxidized_cut_copper":18,"minecraft:purpur_stairs":4,"minecraft:yellow_stained_glass":10,"minecraft:lime_stained_glass":34,"minecraft:birch_planks":1,"minecraft:birch_slab":8,"minecraft:lantern":4,"minecraft:waxed_weathered_cut_copper_slab":16,"minecraft:white_stained_glass":152,"minecraft:sandstone_slab":8,"minecraft:green_concrete_powder":5,"minecraft:jungle_stairs":2,"minecraft:oxidized_cut_copper_slab":8,"minecraft:polished_granite_slab":14,"minecraft:sandstone":12,"minecraft:purpur_slab":8,"minecraft:pearlescent_froglight":4,"minecraft:orange_stained_glass_pane":8,"minecraft:powder_snow_bucket":4,"minecraft:prismarine_wall":15},"minecraft:mined":{"biomesoplenty:lavender":3},"minecraft:dropped":{"minecraft:waxed_weathered_cut_copper_slab":1,"minecraft:powder_snow_bucket":1,"alexsmobs:animal_dictionary":1,"biomesoplenty:lavender":4},"minecraft:picked_up":{"biomesoplenty:lavender":4},"minecraft:custom":{"minecraft:time_since_rest":63117,"minecraft:crouch_one_cm":1184,"minecraft:sprint_one_cm":15406,"minecraft:play_time":63117,"minecraft:damage_taken":20,"minecraft:walk_one_cm":61732,"minecraft:sneak_time":1071,"minecraft:walk_under_water_one_cm":21,"minecraft:drop":6,"minecraft:jump":217,"minecraft:damage_dealt":9,"minecraft:leave_game":5,"minecraft:walk_on_water_one_cm":2581,"minecraft:time_since_death":63117,"minecraft:total_world_time":63117,"minecraft:fall_one_cm":1254,"minecraft:fly_one_cm":187460}},"DataVersion":3465}