{"stats":{"minecraft:mined":{"biomesoplenty:lavender":3},"minecraft:custom":{"minecraft:time_since_rest":28578,"minecraft:crouch_one_cm":1126,"minecraft:sprint_one_cm":15406,"minecraft:play_time":28578,"minecraft:damage_taken":20,"minecraft:walk_one_cm":61232,"minecraft:sneak_time":294,"minecraft:walk_under_water_one_cm":21,"minecraft:drop":6,"minecraft:jump":212,"minecraft:damage_dealt":9,"minecraft:leave_game":3,"minecraft:time_since_death":28578,"minecraft:walk_on_water_one_cm":2581,"minecraft:total_world_time":28578,"minecraft:fall_one_cm":1254,"minecraft:fly_one_cm":35915},"minecraft:used":{"minecraft:oxidized_cut_copper":18,"minecraft:water_bucket":12,"minecraft:yellow_stained_glass":10,"minecraft:lime_stained_glass":8,"minecraft:waxed_weathered_cut_copper_slab":16,"minecraft:green_concrete_powder":5,"minecraft:oxidized_cut_copper_slab":8,"minecraft:sandstone":12,"minecraft:polished_granite_slab":14,"minecraft:powder_snow_bucket":4},"minecraft:picked_up":{"biomesoplenty:lavender":4},"minecraft:dropped":{"minecraft:waxed_weathered_cut_copper_slab":1,"minecraft:powder_snow_bucket":1,"alexsmobs:animal_dictionary":1,"biomesoplenty:lavender":4}},"DataVersion":3465}