{"stats":{"minecraft:mined":{"biomesoplenty:lavender":3},"minecraft:custom":{"minecraft:jump":98,"minecraft:time_since_rest":8414,"minecraft:leave_game":2,"minecraft:crouch_one_cm":568,"minecraft:play_time":8414,"minecraft:sprint_one_cm":7676,"minecraft:damage_taken":20,"minecraft:time_since_death":8414,"minecraft:walk_one_cm":16703,"minecraft:sneak_time":116,"minecraft:total_world_time":8414,"minecraft:fall_one_cm":1254,"minecraft:drop":2,"minecraft:fly_one_cm":10412},"minecraft:picked_up":{"biomesoplenty:lavender":1},"minecraft:dropped":{"alexsmobs:animal_dictionary":1,"biomesoplenty:lavender":1}},"DataVersion":3465}