{"stats":{"minecraft:mined":{"biomesoplenty:lavender":3},"minecraft:custom":{"minecraft:jump":115,"minecraft:time_since_rest":16578,"minecraft:walk_on_water_one_cm":2581,"minecraft:leave_game":3,"minecraft:crouch_one_cm":568,"minecraft:play_time":16578,"minecraft:sprint_one_cm":9960,"minecraft:damage_taken":20,"minecraft:time_since_death":16578,"minecraft:walk_one_cm":25291,"minecraft:sneak_time":116,"minecraft:total_world_time":16578,"minecraft:walk_under_water_one_cm":21,"minecraft:fall_one_cm":1254,"minecraft:drop":5,"minecraft:fly_one_cm":16439},"minecraft:used":{"minecraft:water_bucket":12,"minecraft:powder_snow_bucket":4},"minecraft:picked_up":{"biomesoplenty:lavender":4},"minecraft:dropped":{"alexsmobs:animal_dictionary":1,"biomesoplenty:lavender":4,"minecraft:powder_snow_bucket":1}},"DataVersion":3465}